Workbook

Sheet Adatlap
A1: Személyek | I1: Nem azonosított jelek
A2: Sorszám | B2: Név | C2: Születési év | D2: Hó | E2: Nap | F2: Azonosító | I2: Sorszám | J2: Azonosítók | K2: Ellenőrzés | L2: Születési dátum
A3: 1 | B3: Skvar Tamás | C3: 1983 | D3: 7 | E3: 11 | I3: 1 | J3: 8347566259 | K3: =AND(MOD(Feldolgozás!L2,11)=Feldolgozás!K2,LEN(J3)=10) -> TRUE
A4: 2 | B4: Tatár István | C4: 2009 | D4: 6 | E4: 21 | I4: 2 | J4: 8393233704 | K4: =AND(MOD(Feldolgozás!L3,11)=Feldolgozás!K3,LEN(J4)=10) -> TRUE
A5: 3 | B5: Siket Karen | C5: 1984 | D5: 5 | E5: 1 | I5: 3 | J5: 8505565134 | K5: =AND(MOD(Feldolgozás!L4,11)=Feldolgozás!K4,LEN(J5)=10) -> TRUE
A6: 4 | B6: Horváth Mercédesz | C6: 1973 | D6: 4 | E6: 10 | I6: 4 | J6: 8365097672 | K6: =AND(MOD(Feldolgozás!L5,11)=Feldolgozás!K5,LEN(J6)=10) -> TRUE
A7: 5 | B7: Dombovári Petra | C7: 1956 | D7: 11 | E7: 25 | I7: 5 | J7: 8513288153 | K7: =AND(MOD(Feldolgozás!L6,11)=Feldolgozás!K6,LEN(J7)=10) -> FALSE
A8: 6 | B8: Rém Elek | C8: 2000 | D8: 4 | E8: 6 | I8: 6 | J8: 8390291061 | K8: =AND(MOD(Feldolgozás!L7,11)=Feldolgozás!K7,LEN(J8)=10) -> TRUE
A9: 7 | B9: Kamarás Zsófia Viktória | C9: 1984 | D9: 11 | E9: 3 | I9: 7 | J9: 8486735564 | K9: =AND(MOD(Feldolgozás!L8,11)=Feldolgozás!K8,LEN(J9)=10) -> TRUE
A10: 8 | B10: Sebő Tas | C10: 1963 | D10: 10 | E10: 19 | I10: 8 | J10: 8399469238 | K10: =AND(MOD(Feldolgozás!L9,11)=Feldolgozás!K9,LEN(J10)=10) -> TRUE
A11: 9 | B11: Szendrődi Csaba | C11: 1970 | D11: 6 | E11: 15 | I11: 9 | J11: 8428548358 | K11: =AND(MOD(Feldolgozás!L10,11)=Feldolgozás!K10,LEN(J11)=10) -> TRUE
A12: 10 | B12: Berger Péter | C12: 1979 | D12: 11 | E12: 24 | I12: 10 | J12: 8418772794 | K12: =AND(MOD(Feldolgozás!L11,11)=Feldolgozás!K11,LEN(J12)=10) -> TRUE
A13: 11 | B13: Csonka Anna | C13: 1966 | D13: 12 | E13: 17 | I13: 11 | J13: 8328357240 | K13: =AND(MOD(Feldolgozás!L12,11)=Feldolgozás!K12,LEN(J13)=10) -> TRUE
A14: 12 | B14: Szelei Anikó Dorina | C14: 1966 | D14: 12 | E14: 21 | I14: 12 | J14: 8357364004 | K14: =AND(MOD(Feldolgozás!L13,11)=Feldolgozás!K13,LEN(J14)=10) -> TRUE
... A22: 20 | B22: Szabó Orsolya Virág | C22: 1981 | D22: 8 | E22: 28 | I22: 20 | J22: 8428169047 | K22: =AND(MOD(Feldolgozás!L21,11)=Feldolgozás!K21,LEN(J22)=10) -> TRUE
I23: 21 | J23: 8353543036 | K23: =AND(MOD(Feldolgozás!L22,11)=Feldolgozás!K22,LEN(J23)=10) -> TRUE
I24: 22 | J24: 8483307864 | K24: =AND(MOD(Feldolgozás!L23,11)=Feldolgozás!K23,LEN(J24)=10) -> FALSE
I25: 23 | J25: 8377852675 | K25: =AND(MOD(Feldolgozás!L24,11)=Feldolgozás!K24,LEN(J25)=10) -> TRUE

Sheet Feldolgozás
A1: Sorszám | B1: 1 | C1: 2 | D1: 3 | E1: 4 | F1: 5 | G1: 6 | H1: 7 | I1: 8 | J1: 9 | K1: 10 | L1: Szorzatösszeg
A2: 1 | B2: =_xlfn.NUMBERVALUE(MID(Adatlap!$J3,B$1,1)) -> 8 | C2: =_xlfn.NUMBERVALUE(MID(Adatlap!$J3,C$1,1)) -> 3 | D2: =_xlfn.NUMBERVALUE(MID(Adatlap!$J3,D$1,1)) -> 4 | E2: =_xlfn.NUMBERVALUE(MID(Adatlap!$J3,E$1,1)) -> 7 | F2: =_xlfn.NUMBERVALUE(MID(Adatlap!$J3,F$1,1)) -> 5 | G2: =_xlfn.NUMBERVALUE(MID(Adatlap!$J3,G$1,1)) -> 6 | H2: =_xlfn.NUMBERVALUE(MID(Adatlap!$J3,H$1,1)) -> 6 | I2: =_xlfn.NUMBERVALUE(MID(Adatlap!$J3,I$1,1)) -> 2 | ... K2: =_xlfn.NUMBERVALUE(MID(Adatlap!$J3,K$1,1)) -> 9 | L2: =SUMPRODUCT($B$1:$J$1,B2:J2) -> 218
A3: 2 | B3: =_xlfn.NUMBERVALUE(MID(Adatlap!$J4,B$1,1)) -> 8 | C3: =_xlfn.NUMBERVALUE(MID(Adatlap!$J4,C$1,1)) -> 3 | D3: =_xlfn.NUMBERVALUE(MID(Adatlap!$J4,D$1,1)) -> 9 | E3: =_xlfn.NUMBERVALUE(MID(Adatlap!$J4,E$1,1)) -> 3 | F3: =_xlfn.NUMBERVALUE(MID(Adatlap!$J4,F$1,1)) -> 2 | G3: =_xlfn.NUMBERVALUE(MID(Adatlap!$J4,G$1,1)) -> 3 | H3: =_xlfn.NUMBERVALUE(MID(Adatlap!$J4,H$1,1)) -> 3 | I3: =_xlfn.NUMBERVALUE(MID(Adatlap!$J4,I$1,1)) -> 7 | ... K3: =_xlfn.NUMBERVALUE(MID(Adatlap!$J4,K$1,1)) -> 4 | L3: =SUMPRODUCT($B$1:$J$1,B3:J3) -> 158
A4: 3 | B4: =_xlfn.NUMBERVALUE(MID(Adatlap!$J5,B$1,1)) -> 8 | C4: =_xlfn.NUMBERVALUE(MID(Adatlap!$J5,C$1,1)) -> 5 | D4: =_xlfn.NUMBERVALUE(MID(Adatlap!$J5,D$1,1)) -> 0 | E4: =_xlfn.NUMBERVALUE(MID(Adatlap!$J5,E$1,1)) -> 5 | F4: =_xlfn.NUMBERVALUE(MID(Adatlap!$J5,F$1,1)) -> 5 | G4: =_xlfn.NUMBERVALUE(MID(Adatlap!$J5,G$1,1)) -> 6 | H4: =_xlfn.NUMBERVALUE(MID(Adatlap!$J5,H$1,1)) -> 5 | I4: =_xlfn.NUMBERVALUE(MID(Adatlap!$J5,I$1,1)) -> 1 | ... K4: =_xlfn.NUMBERVALUE(MID(Adatlap!$J5,K$1,1)) -> 4 | L4: =SUMPRODUCT($B$1:$J$1,B4:J4) -> 169
A5: 4 | B5: =_xlfn.NUMBERVALUE(MID(Adatlap!$J6,B$1,1)) -> 8 | C5: =_xlfn.NUMBERVALUE(MID(Adatlap!$J6,C$1,1)) -> 3 | D5: =_xlfn.NUMBERVALUE(MID(Adatlap!$J6,D$1,1)) -> 6 | E5: =_xlfn.NUMBERVALUE(MID(Adatlap!$J6,E$1,1)) -> 5 | F5: =_xlfn.NUMBERVALUE(MID(Adatlap!$J6,F$1,1)) -> 0 | G5: =_xlfn.NUMBERVALUE(MID(Adatlap!$J6,G$1,1)) -> 9 | H5: =_xlfn.NUMBERVALUE(MID(Adatlap!$J6,H$1,1)) -> 7 | I5: =_xlfn.NUMBERVALUE(MID(Adatlap!$J6,I$1,1)) -> 6 | ... K5: =_xlfn.NUMBERVALUE(MID(Adatlap!$J6,K$1,1)) -> 2 | L5: =SUMPRODUCT($B$1:$J$1,B5:J5) -> 266
A6: 5 | B6: =_xlfn.NUMBERVALUE(MID(Adatlap!$J7,B$1,1)) -> 8 | C6: =_xlfn.NUMBERVALUE(MID(Adatlap!$J7,C$1,1)) -> 5 | D6: =_xlfn.NUMBERVALUE(MID(Adatlap!$J7,D$1,1)) -> 1 | E6: =_xlfn.NUMBERVALUE(MID(Adatlap!$J7,E$1,1)) -> 3 | F6: =_xlfn.NUMBERVALUE(MID(Adatlap!$J7,F$1,1)) -> 2 | G6: =_xlfn.NUMBERVALUE(MID(Adatlap!$J7,G$1,1)) -> 8 | H6: =_xlfn.NUMBERVALUE(MID(Adatlap!$J7,H$1,1)) -> 8 | I6: =_xlfn.NUMBERVALUE(MID(Adatlap!$J7,I$1,1)) -> 1 | ... K6: =_xlfn.NUMBERVALUE(MID(Adatlap!$J7,K$1,1)) -> 3 | L6: =SUMPRODUCT($B$1:$J$1,B6:J6) -> 200
A7: 6 | B7: =_xlfn.NUMBERVALUE(MID(Adatlap!$J8,B$1,1)) -> 8 | C7: =_xlfn.NUMBERVALUE(MID(Adatlap!$J8,C$1,1)) -> 3 | D7: =_xlfn.NUMBERVALUE(MID(Adatlap!$J8,D$1,1)) -> 9 | E7: =_xlfn.NUMBERVALUE(MID(Adatlap!$J8,E$1,1)) -> 0 | F7: =_xlfn.NUMBERVALUE(MID(Adatlap!$J8,F$1,1)) -> 2 | G7: =_xlfn.NUMBERVALUE(MID(Adatlap!$J8,G$1,1)) -> 9 | H7: =_xlfn.NUMBERVALUE(MID(Adatlap!$J8,H$1,1)) -> 1 | I7: =_xlfn.NUMBERVALUE(MID(Adatlap!$J8,I$1,1)) -> 0 | ... K7: =_xlfn.NUMBERVALUE(MID(Adatlap!$J8,K$1,1)) -> 1 | L7: =SUMPRODUCT($B$1:$J$1,B7:J7) -> 166
A8: 7 | B8: =_xlfn.NUMBERVALUE(MID(Adatlap!$J9,B$1,1)) -> 8 | C8: =_xlfn.NUMBERVALUE(MID(Adatlap!$J9,C$1,1)) -> 4 | D8: =_xlfn.NUMBERVALUE(MID(Adatlap!$J9,D$1,1)) -> 8 | E8: =_xlfn.NUMBERVALUE(MID(Adatlap!$J9,E$1,1)) -> 6 | F8: =_xlfn.NUMBERVALUE(MID(Adatlap!$J9,F$1,1)) -> 7 | G8: =_xlfn.NUMBERVALUE(MID(Adatlap!$J9,G$1,1)) -> 3 | H8: =_xlfn.NUMBERVALUE(MID(Adatlap!$J9,H$1,1)) -> 5 | I8: =_xlfn.NUMBERVALUE(MID(Adatlap!$J9,I$1,1)) -> 5 | ... K8: =_xlfn.NUMBERVALUE(MID(Adatlap!$J9,K$1,1)) -> 4 | L8: =SUMPRODUCT($B$1:$J$1,B8:J8) -> 246
A9: 8 | B9: =_xlfn.NUMBERVALUE(MID(Adatlap!$J10,B$1,1)) -> 8 | C9: =_xlfn.NUMBERVALUE(MID(Adatlap!$J10,C$1,1)) -> 3 | D9: =_xlfn.NUMBERVALUE(MID(Adatlap!$J10,D$1,1)) -> 9 | E9: =_xlfn.NUMBERVALUE(MID(Adatlap!$J10,E$1,1)) -> 9 | F9: =_xlfn.NUMBERVALUE(MID(Adatlap!$J10,F$1,1)) -> 4 | G9: =_xlfn.NUMBERVALUE(MID(Adatlap!$J10,G$1,1)) -> 6 | H9: =_xlfn.NUMBERVALUE(MID(Adatlap!$J10,H$1,1)) -> 9 | I9: =_xlfn.NUMBERVALUE(MID(Adatlap!$J10,I$1,1)) -> 2 | ... K9: =_xlfn.NUMBERVALUE(MID(Adatlap!$J10,K$1,1)) -> 8 | L9: =SUMPRODUCT($B$1:$J$1,B9:J9) -> 239
A10: 9 | B10: =_xlfn.NUMBERVALUE(MID(Adatlap!$J11,B$1,1)) -> 8 | C10: =_xlfn.NUMBERVALUE(MID(Adatlap!$J11,C$1,1)) -> 4 | D10: =_xlfn.NUMBERVALUE(MID(Adatlap!$J11,D$1,1)) -> 2 | E10: =_xlfn.NUMBERVALUE(MID(Adatlap!$J11,E$1,1)) -> 8 | F10: =_xlfn.NUMBERVALUE(MID(Adatlap!$J11,F$1,1)) -> 5 | G10: =_xlfn.NUMBERVALUE(MID(Adatlap!$J11,G$1,1)) -> 4 | H10: =_xlfn.NUMBERVALUE(MID(Adatlap!$J11,H$1,1)) -> 8 | I10: =_xlfn.NUMBERVALUE(MID(Adatlap!$J11,I$1,1)) -> 3 | ... K10: =_xlfn.NUMBERVALUE(MID(Adatlap!$J11,K$1,1)) -> 8 | L10: =SUMPRODUCT($B$1:$J$1,B10:J10) -> 228
A11: 10 | B11: =_xlfn.NUMBERVALUE(MID(Adatlap!$J12,B$1,1)) -> 8 | C11: =_xlfn.NUMBERVALUE(MID(Adatlap!$J12,C$1,1)) -> 4 | D11: =_xlfn.NUMBERVALUE(MID(Adatlap!$J12,D$1,1)) -> 1 | E11: =_xlfn.NUMBERVALUE(MID(Adatlap!$J12,E$1,1)) -> 8 | F11: =_xlfn.NUMBERVALUE(MID(Adatlap!$J12,F$1,1)) -> 7 | G11: =_xlfn.NUMBERVALUE(MID(Adatlap!$J12,G$1,1)) -> 7 | H11: =_xlfn.NUMBERVALUE(MID(Adatlap!$J12,H$1,1)) -> 2 | I11: =_xlfn.NUMBERVALUE(MID(Adatlap!$J12,I$1,1)) -> 7 | ... K11: =_xlfn.NUMBERVALUE(MID(Adatlap!$J12,K$1,1)) -> 4 | L11: =SUMPRODUCT($B$1:$J$1,B11:J11) -> 279
A12: 11 | B12: =_xlfn.NUMBERVALUE(MID(Adatlap!$J13,B$1,1)) -> 8 | C12: =_xlfn.NUMBERVALUE(MID(Adatlap!$J13,C$1,1)) -> 3 | D12: =_xlfn.NUMBERVALUE(MID(Adatlap!$J13,D$1,1)) -> 2 | E12: =_xlfn.NUMBERVALUE(MID(Adatlap!$J13,E$1,1)) -> 8 | F12: =_xlfn.NUMBERVALUE(MID(Adatlap!$J13,F$1,1)) -> 3 | G12: =_xlfn.NUMBERVALUE(MID(Adatlap!$J13,G$1,1)) -> 5 | H12: =_xlfn.NUMBERVALUE(MID(Adatlap!$J13,H$1,1)) -> 7 | I12: =_xlfn.NUMBERVALUE(MID(Adatlap!$J13,I$1,1)) -> 2 | ... K12: =_xlfn.NUMBERVALUE(MID(Adatlap!$J13,K$1,1)) -> 0 | L12: =SUMPRODUCT($B$1:$J$1,B12:J12) -> 198
A13: 12 | B13: =_xlfn.NUMBERVALUE(MID(Adatlap!$J14,B$1,1)) -> 8 | C13: =_xlfn.NUMBERVALUE(MID(Adatlap!$J14,C$1,1)) -> 3 | D13: =_xlfn.NUMBERVALUE(MID(Adatlap!$J14,D$1,1)) -> 5 | E13: =_xlfn.NUMBERVALUE(MID(Adatlap!$J14,E$1,1)) -> 7 | F13: =_xlfn.NUMBERVALUE(MID(Adatlap!$J14,F$1,1)) -> 3 | G13: =_xlfn.NUMBERVALUE(MID(Adatlap!$J14,G$1,1)) -> 6 | H13: =_xlfn.NUMBERVALUE(MID(Adatlap!$J14,H$1,1)) -> 4 | I13: =_xlfn.NUMBERVALUE(MID(Adatlap!$J14,I$1,1)) -> 0 | ... K13: =_xlfn.NUMBERVALUE(MID(Adatlap!$J14,K$1,1)) -> 4 | L13: =SUMPRODUCT($B$1:$J$1,B13:J13) -> 136
... A24: 23 | B24: =_xlfn.NUMBERVALUE(MID(Adatlap!$J25,B$1,1)) -> 8 | C24: =_xlfn.NUMBERVALUE(MID(Adatlap!$J25,C$1,1)) -> 3 | D24: =_xlfn.NUMBERVALUE(MID(Adatlap!$J25,D$1,1)) -> 7 | E24: =_xlfn.NUMBERVALUE(MID(Adatlap!$J25,E$1,1)) -> 7 | F24: =_xlfn.NUMBERVALUE(MID(Adatlap!$J25,F$1,1)) -> 8 | G24: =_xlfn.NUMBERVALUE(MID(Adatlap!$J25,G$1,1)) -> 5 | H24: =_xlfn.NUMBERVALUE(MID(Adatlap!$J25,H$1,1)) -> 2 | I24: =_xlfn.NUMBERVALUE(MID(Adatlap!$J25,I$1,1)) -> 6 | ... K24: =_xlfn.NUMBERVALUE(MID(Adatlap!$J25,K$1,1)) -> 5 | L24: =SUMPRODUCT($B$1:$J$1,B24:J24) -> 258
